,C1P1,C1P2,C1P3,C2P1,C2P2,C2P3,C3P1,C3P2,C3P3,Time
0,0.293335,0.296952,0.300535,0.237933,0.241982,0.24608000000000002,0.15118299999999998,0.154896,0.15873099999999998,0.0
1000,0.293567,0.297182,0.300764,0.238114,0.24216300000000002,0.246074,0.151294,0.155007,0.158841,1.0
2000,0.294501,0.298117,0.301699,0.23887600000000003,0.242925,0.246398,0.15179,0.155504,0.159339,2.0
3000,0.29572800000000005,0.299352,0.302942,0.239907,0.24396199999999998,0.24680700000000003,0.152498,0.156218,0.16005899999999998,3.0
4000,0.296967,0.300613,0.304226,0.24099600000000002,0.245067,0.24743400000000002,0.153306,0.15703699999999998,0.16089,4.0
5000,0.298067,0.301749,0.305398,0.242031,0.246129,0.248065,0.154149,0.1579,0.161772,5.0
6000,0.29895,0.302683,0.306386,0.24295100000000003,0.247088,0.24871,0.15499000000000002,0.158769,0.16267,6.0
7000,0.299583,0.303383,0.307156,0.243729,0.247916,0.24943,0.155807,0.159625,0.16356400000000001,7.0
8000,0.29995900000000003,0.303843,0.307701,0.24435199999999999,0.248604,0.250031,0.156588,0.16045399999999999,0.164443,8.0
9000,0.300085,0.30406700000000003,0.308028,0.24481799999999998,0.24914899999999998,0.250701,0.15732100000000002,0.161248,0.165297,9.0
10000,0.299975,0.30407,0.30815,0.245131,0.249554,0.251273,0.158003,0.162001,0.166123,10.0
11000,0.299648,0.30387,0.308085,0.245298,0.249825,0.25179,0.158629,0.162709,0.166917,11.0
12000,0.299125,0.30348800000000004,0.30785,0.24532600000000002,0.249971,0.252337,0.159196,0.16337100000000002,0.167675,12.0
13000,0.298427,0.302942,0.307467,0.24522600000000003,0.24999899999999997,0.252738,0.15970299999999998,0.163983,0.168397,13.0
14000,0.297575,0.302254,0.306954,0.24500500000000003,0.24991999999999998,0.253188,0.160148,0.164546,0.16908,14.0
15000,0.296589,0.301444,0.30633,0.24467600000000003,0.24974200000000002,0.25353400000000004,0.16053299999999998,0.16505799999999998,0.169725,15.0
16000,0.29549000000000003,0.300529,0.305612,0.244247,0.249475,0.253822,0.160857,0.16552,0.17033199999999998,16.0
17000,0.294296,0.299527,0.304818,0.243729,0.24912800000000002,0.25414000000000003,0.16112100000000001,0.165933,0.1709,17.0
18000,0.29302399999999995,0.298454,0.30396100000000004,0.24313099999999999,0.24870799999999998,0.254317,0.161327,0.166297,0.17143,18.0
19000,0.29169,0.297325,0.303058,0.24246199999999998,0.248225,0.254548,0.161477,0.166614,0.171922,19.0
20000,0.29030700000000004,0.296154,0.302119,0.241731,0.247687,0.254682,0.161572,0.166884,0.172378,20.0
21000,0.28889000000000004,0.294954,0.301157,0.240945,0.2471,0.254766,0.161614,0.16710999999999998,0.172798,21.0
22000,0.28744899999999995,0.293734,0.300183,0.240114,0.246471,0.254888,0.161607,0.167292,0.173184,22.0
23000,0.285995,0.292505,0.299205,0.23924299999999998,0.245808,0.254878,0.161552,0.167433,0.173536,23.0
24000,0.284538,0.291275,0.29823299999999997,0.23834,0.245117,0.254931,0.161451,0.167535,0.17385699999999998,24.0
25000,0.283084,0.290053,0.297273,0.23740999999999998,0.24440100000000003,0.254897,0.161307,0.1676,0.174146,25.0
26000,0.281642,0.28884499999999996,0.296331,0.23646,0.243668,0.254822,0.161124,0.167628,0.174406,26.0
27000,0.28021599999999997,0.28765599999999997,0.295415,0.23549299999999998,0.24291999999999997,0.254793,0.160902,0.167623,0.17463800000000002,27.0
28000,0.27881300000000003,0.286491,0.294527,0.23451599999999997,0.242164,0.25464200000000003,0.160645,0.16758699999999999,0.174843,28.0
29000,0.277435,0.285356,0.293673,0.23353200000000002,0.24140100000000003,0.254563,0.160356,0.16752,0.175024,29.0
30000,0.27608699999999997,0.284252,0.292856,0.232544,0.24063600000000002,0.254406,0.16003499999999998,0.167425,0.17518,30.0
31000,0.274771,0.283183,0.29208,0.231557,0.23987199999999997,0.254216,0.159687,0.167305,0.175314,31.0
32000,0.27349,0.28215100000000004,0.291346,0.23057199999999997,0.23911,0.254081,0.159313,0.16716,0.175426,32.0
33000,0.27224499999999996,0.281158,0.29065799999999997,0.229593,0.238355,0.253832,0.158915,0.166992,0.175519,33.0
34000,0.271036,0.280206,0.290016,0.228621,0.237607,0.253661,0.158496,0.166804,0.175593,34.0
35000,0.269866,0.279296,0.28942199999999996,0.22765900000000003,0.236869,0.25342,0.158056,0.166596,0.17565,35.0
36000,0.26873400000000003,0.278427,0.288878,0.226708,0.236141,0.253155,0.157599,0.166371,0.175691,36.0
37000,0.26764099999999996,0.277602,0.288385,0.225769,0.23542600000000002,0.25295,0.157126,0.166129,0.175717,37.0
38000,0.266586,0.276819,0.287943,0.224843,0.234724,0.252639,0.156639,0.165872,0.175729,38.0
39000,0.265569,0.27608,0.287553,0.22393200000000002,0.23403600000000002,0.25241199999999997,0.156138,0.165602,0.175728,39.0
40000,0.26458899999999996,0.275384,0.28721599999999997,0.223036,0.23336300000000001,0.252121,0.155627,0.165319,0.175715,40.0
41000,0.26364699999999996,0.274731,0.286932,0.22215500000000002,0.23270500000000002,0.251812,0.155105,0.165025,0.175691,41.0
42000,0.26274000000000003,0.274121,0.286702,0.22129000000000001,0.23206300000000002,0.25156799999999996,0.154575,0.164721,0.17565699999999998,42.0
43000,0.261869,0.27355300000000005,0.286525,0.220441,0.231438,0.251223,0.154038,0.164408,0.17561400000000002,43.0
44000,0.261033,0.273027,0.286403,0.219608,0.230829,0.25096799999999997,0.15349400000000002,0.16408699999999998,0.17556300000000002,44.0
45000,0.26023,0.272543,0.286335,0.21879200000000001,0.23023600000000002,0.250654,0.152945,0.163759,0.175504,45.0
46000,0.25945999999999997,0.27210100000000004,0.28632199999999997,0.21799200000000002,0.22966,0.250325,0.152392,0.163425,0.175438,46.0
47000,0.258721,0.27169899999999997,0.286364,0.217207,0.22910100000000003,0.250066,0.151835,0.16308499999999998,0.17536600000000002,47.0
48000,0.258013,0.271338,0.286461,0.21643800000000002,0.228557,0.24971100000000002,0.151276,0.16274,0.175288,48.0
49000,0.257335,0.271018,0.286613,0.215685,0.22803,0.249448,0.15071500000000002,0.162391,0.175205,49.0
50000,0.256686,0.270737,0.286821,0.21494699999999997,0.227519,0.24913000000000002,0.150153,0.16203900000000002,0.175118,50.0
51000,0.256064,0.270496,0.287085,0.21422399999999997,0.22702399999999998,0.248802,0.149591,0.161683,0.175027,51.0
52000,0.25547,0.270295,0.287406,0.213515,0.22654499999999997,0.24854600000000002,0.149029,0.161326,0.174933,52.0
53000,0.25490300000000005,0.270133,0.287783,0.212821,0.22608000000000003,0.24819699999999997,0.14846800000000002,0.160966,0.174836,53.0
54000,0.25436,0.270011,0.28821599999999997,0.21214,0.225631,0.247943,0.14790699999999998,0.160605,0.174736,54.0
55000,0.253843,0.269927,0.288707,0.211472,0.225196,0.247637,0.147349,0.160243,0.17463299999999998,55.0
56000,0.253349,0.269883,0.289254,0.210817,0.22477600000000003,0.247322,0.146793,0.15988,0.174529,56.0
57000,0.252879,0.269877,0.28985900000000003,0.210175,0.22436999999999999,0.24708200000000002,0.146239,0.15951700000000002,0.174424,57.0
58000,0.252432,0.269911,0.29052100000000003,0.209544,0.223977,0.24675100000000003,0.14568699999999998,0.159154,0.174317,58.0
59000,0.25200700000000004,0.269984,0.29124099999999997,0.20892600000000003,0.223598,0.24651700000000001,0.14513900000000002,0.15879200000000002,0.174209,59.0
60000,0.251603,0.270096,0.292018,0.20831799999999998,0.223232,0.24623299999999998,0.144595,0.158429,0.174101,60.0
61000,0.251221,0.270248,0.292852,0.20772100000000002,0.22287800000000002,0.245942,0.144054,0.15806800000000001,0.173992,61.0
62000,0.250859,0.270439,0.293744,0.20713499999999999,0.222538,0.245727,0.143517,0.15770699999999999,0.17388199999999998,62.0
63000,0.25051799999999996,0.270671,0.294693,0.20655900000000002,0.22220900000000002,0.24542399999999998,0.142984,0.15734800000000002,0.173773,63.0
64000,0.25019600000000003,0.270942,0.295698,0.205992,0.221892,0.24521700000000002,0.142455,0.15699000000000002,0.173664,64.0
65000,0.249894,0.271254,0.29675999999999997,0.20543499999999998,0.22158699999999998,0.24496300000000001,0.141931,0.156633,0.173555,65.0
66000,0.249612,0.27160700000000004,0.297877,0.204886,0.221293,0.244702,0.14141199999999998,0.156278,0.17344600000000002,66.0
67000,0.24934800000000001,0.27200100000000005,0.29905,0.204347,0.22100999999999998,0.24451799999999999,0.140897,0.155925,0.17333800000000002,67.0
68000,0.249102,0.272436,0.300277,0.203815,0.22073800000000002,0.244248,0.140388,0.155574,0.17323,68.0
69000,0.24887600000000001,0.272913,0.301557,0.203292,0.22047600000000003,0.244075,0.13988299999999998,0.155225,0.173124,69.0
70000,0.248667,0.273431,0.30289,0.20277699999999999,0.220225,0.243854,0.13938399999999998,0.154877,0.173018,70.0
71000,0.248477,0.273992,0.304273,0.202269,0.219984,0.24362899999999998,0.138889,0.154532,0.172913,71.0
72000,0.24830500000000003,0.274596,0.305707,0.201768,0.21975300000000003,0.24348000000000003,0.1384,0.15418900000000002,0.172809,72.0
73000,0.248151,0.275242,0.307189,0.201275,0.219532,0.243246,0.137917,0.153848,0.172705,73.0
74000,0.24801399999999998,0.275931,0.308719,0.20078800000000002,0.21932,0.24311,0.137439,0.15350999999999998,0.172603,74.0
75000,0.247896,0.276663,0.310293,0.20030799999999999,0.21911799999999998,0.242927,0.136967,0.153173,0.172503,75.0
76000,0.247795,0.277439,0.31191199999999997,0.19983399999999998,0.218925,0.24273899999999998,0.1365,0.15284,0.172403,76.0
77000,0.247712,0.278258,0.31357199999999996,0.19936700000000002,0.218741,0.24262899999999998,0.13603900000000002,0.152508,0.17230399999999998,77.0
78000,0.247648,0.27912,0.315272,0.198906,0.21856599999999998,0.242434,0.13558399999999998,0.15217999999999998,0.172207,78.0
79000,0.24760100000000002,0.280025,0.31700900000000004,0.198451,0.2184,0.24233600000000002,0.135134,0.151853,0.172111,79.0
80000,0.247572,0.280974,0.318782,0.198001,0.218243,0.24219200000000002,0.134691,0.15153,0.172016,80.0
81000,0.247561,0.281966,0.320589,0.19755699999999998,0.218094,0.242044,0.13425299999999998,0.15120799999999998,0.171923,81.0
82000,0.247569,0.283001,0.322427,0.19711900000000002,0.217954,0.24197399999999997,0.133821,0.15089,0.17182999999999998,82.0
83000,0.24759499999999998,0.284078,0.324294,0.196686,0.217822,0.241819,0.133395,0.150574,0.171739,83.0
84000,0.24764,0.285197,0.32618800000000003,0.196259,0.21769899999999998,0.24176199999999998,0.132975,0.15026,0.17165,84.0
85000,0.247704,0.286358,0.328106,0.19583699999999998,0.217585,0.241659,0.13255999999999998,0.14995,0.171561,85.0
86000,0.24778699999999998,0.28756,0.330046,0.19542,0.21747800000000003,0.241552,0.132152,0.149642,0.171474,86.0
87000,0.24789,0.288802,0.33200599999999997,0.195009,0.21738000000000002,0.241522,0.13175,0.149336,0.171389,87.0
88000,0.24801199999999998,0.290084,0.333983,0.194602,0.21729,0.241409,0.131353,0.149034,0.17130399999999998,88.0
89000,0.24815399999999999,0.291405,0.335976,0.194201,0.21720799999999998,0.241393,0.13096300000000002,0.148734,0.171221,89.0
90000,0.24831599999999998,0.29276399999999997,0.337981,0.193804,0.217135,0.24133200000000002,0.130578,0.14843699999999999,0.171139,90.0
91000,0.24849899999999997,0.29416,0.339997,0.193413,0.217069,0.24126799999999998,0.130199,0.148142,0.171058,91.0
92000,0.248702,0.295591,0.342022,0.193026,0.21701199999999998,0.24128000000000002,0.129827,0.14785,0.170979,92.0
93000,0.248927,0.297057,0.344053,0.192644,0.216964,0.24120999999999998,0.12946,0.147561,0.170901,93.0
94000,0.249173,0.298557,0.346088,0.192267,0.216923,0.241236,0.129099,0.147275,0.170824,94.0
95000,0.249442,0.300088,0.34812600000000005,0.191896,0.21689099999999997,0.241218,0.128744,0.146992,0.170748,95.0
96000,0.249732,0.301651,0.350165,0.191528,0.216867,0.241196,0.128394,0.14671099999999998,0.170674,96.0
97000,0.250046,0.303242,0.352202,0.191166,0.21685100000000002,0.24125100000000002,0.128051,0.14643299999999998,0.1706,97.0
98000,0.250382,0.30486199999999997,0.354236,0.19080899999999998,0.216844,0.241225,0.12771300000000002,0.14615799999999998,0.17052799999999999,98.0
99000,0.250743,0.306508,0.35626599999999997,0.190456,0.21684499999999998,0.241294,0.127381,0.145886,0.170457,99.0
100000,0.251127,0.308178,0.35829,0.190109,0.21685500000000002,0.24131999999999998,0.127054,0.145616,0.17038699999999998,100.0
101000,0.251535,0.309872,0.360306,0.18976600000000002,0.216873,0.24134299999999997,0.12673399999999999,0.14535,0.170318,101.0
102000,0.251969,0.311587,0.36231399999999997,0.18942799999999999,0.2169,0.24144200000000002,0.126419,0.145086,0.17025,102.0
103000,0.25242800000000004,0.313322,0.364311,0.189095,0.21693600000000002,0.24145999999999998,0.126109,0.144825,0.170184,103.0
104000,0.25291199999999997,0.315075,0.366296,0.18876700000000002,0.216981,0.24157399999999998,0.125805,0.144567,0.17011800000000002,104.0
105000,0.253423,0.316844,0.36827,0.188443,0.217034,0.24164499999999997,0.125506,0.144312,0.17005399999999998,105.0
106000,0.25395999999999996,0.318629,0.370229,0.188125,0.21709699999999998,0.241713,0.12521300000000002,0.144059,0.16999,106.0
107000,0.254524,0.32042600000000004,0.372174,0.18781099999999998,0.217169,0.24185700000000002,0.124925,0.14381,0.169928,107.0
108000,0.255116,0.322236,0.374104,0.187503,0.21725100000000003,0.241921,0.124642,0.14356300000000002,0.16986600000000002,108.0
109000,0.255735,0.32405500000000004,0.376017,0.187199,0.217342,0.242081,0.124365,0.14332,0.16980499999999998,109.0
110000,0.25638299999999997,0.325883,0.377913,0.1869,0.217442,0.242198,0.12409300000000001,0.14307899999999998,0.169746,110.0
111000,0.25705900000000004,0.327717,0.379792,0.186606,0.21755300000000002,0.242313,0.123826,0.142841,0.16968699999999998,111.0
112000,0.257764,0.329557,0.381652,0.186317,0.217673,0.242504,0.12356400000000001,0.14260599999999998,0.169629,112.0
113000,0.258499,0.3314,0.383494,0.186033,0.217804,0.242616,0.123306,0.142373,0.169573,113.0
114000,0.259263,0.333246,0.385316,0.185753,0.21794499999999997,0.242823,0.123054,0.142144,0.169517,114.0
115000,0.260056,0.335093,0.387119,0.185479,0.218096,0.242988,0.122807,0.14191700000000002,0.169462,115.0
116000,0.26088,0.33694,0.388901,0.18520899999999998,0.21825799999999998,0.243152,0.122564,0.14169400000000001,0.169407,116.0
117000,0.261734,0.338785,0.39066300000000004,0.184944,0.21843,0.24339,0.122326,0.14147300000000002,0.169354,117.0
118000,0.26261799999999996,0.340627,0.392405,0.184684,0.21861399999999998,0.243552,0.12209300000000001,0.141255,0.169302,118.0
119000,0.263533,0.342464,0.394125,0.184429,0.218809,0.24380700000000002,0.12186400000000001,0.14104,0.16925,119.0
120000,0.264479,0.34429699999999996,0.39582399999999995,0.184179,0.219016,0.244022,0.12164000000000001,0.140828,0.169199,120.0
121000,0.265455,0.346123,0.397503,0.18393299999999999,0.219234,0.24423499999999998,0.12142,0.140619,0.169149,121.0
122000,0.266462,0.34794200000000003,0.39915900000000004,0.183693,0.219464,0.244523,0.121205,0.140413,0.1691,122.0
123000,0.267499,0.34975300000000004,0.40079499999999996,0.18345699999999998,0.21970599999999998,0.244736,0.120994,0.140209,0.169051,123.0
124000,0.268567,0.351555,0.402409,0.183225,0.21996100000000002,0.24504099999999998,0.12078699999999999,0.140009,0.169003,124.0
125000,0.269664,0.353346,0.404001,0.182998,0.220228,0.24530700000000003,0.120584,0.139811,0.168956,125.0
126000,0.27079200000000003,0.35512699999999997,0.405572,0.182776,0.22050799999999998,0.24557199999999998,0.12038499999999999,0.13961600000000002,0.16891,126.0
127000,0.27195,0.356896,0.407121,0.182559,0.2208,0.24591,0.12019,0.139423,0.16886400000000001,127.0
128000,0.27313699999999996,0.35865199999999997,0.408649,0.182346,0.22110700000000003,0.246175,0.119999,0.139234,0.168819,128.0
129000,0.274354,0.360396,0.410156,0.182137,0.221426,0.24653200000000003,0.11981199999999999,0.139047,0.168775,129.0
130000,0.275599,0.362126,0.411641,0.18193299999999998,0.22175999999999998,0.24685,0.119629,0.13886400000000002,0.168731,130.0
131000,0.276872,0.363842,0.41310600000000003,0.181733,0.22210700000000003,0.24716799999999997,0.11945,0.138683,0.168689,131.0
132000,0.278172,0.365543,0.414549,0.181538,0.222469,0.247559,0.119274,0.138504,0.168646,132.0
133000,0.279499,0.36723,0.415972,0.181347,0.222845,0.247877,0.119101,0.138329,0.168605,133.0
134000,0.280853,0.3689,0.41737399999999997,0.181161,0.22323600000000002,0.248286,0.118933,0.138156,0.16856400000000002,134.0
135000,0.28223200000000004,0.370555,0.41875500000000004,0.180978,0.223642,0.248658,0.11876700000000001,0.137985,0.168523,135.0
136000,0.283636,0.372194,0.420116,0.1808,0.224063,0.249029,0.118605,0.137818,0.168484,136.0
137000,0.285064,0.373816,0.42145699999999997,0.180626,0.22449899999999998,0.249473,0.118447,0.137653,0.168444,137.0
138000,0.286514,0.375422,0.422779,0.180456,0.224951,0.24984499999999998,0.11829100000000001,0.137491,0.168406,138.0
139000,0.287987,0.37701,0.42408,0.18029,0.225419,0.250307,0.11813900000000001,0.13733099999999998,0.16836800000000002,139.0
140000,0.289481,0.37858200000000003,0.42536199999999996,0.180128,0.225904,0.250732,0.11799000000000001,0.137174,0.168331,140.0
141000,0.290996,0.38013600000000003,0.426625,0.17997,0.226404,0.251158,0.117844,0.13702,0.168294,141.0
142000,0.292529,0.38167199999999996,0.427868,0.179815,0.226921,0.251654,0.117701,0.13686800000000002,0.168257,142.0
143000,0.294081,0.383191,0.429093,0.17966500000000002,0.227454,0.252081,0.11756099999999998,0.136718,0.168222,143.0
144000,0.29565,0.38469200000000003,0.430299,0.179518,0.228005,0.252596,0.117423,0.136571,0.168186,144.0
145000,0.29723499999999997,0.386175,0.431487,0.179375,0.22857199999999997,0.253075,0.117289,0.136427,0.168152,145.0
146000,0.298835,0.38764,0.43265699999999996,0.17923499999999998,0.22915700000000003,0.253554,0.117157,0.136285,0.16811800000000002,146.0
147000,0.300448,0.389088,0.433809,0.179099,0.229758,0.254103,0.117028,0.13614500000000002,0.16808399999999998,147.0
148000,0.302075,0.390518,0.434943,0.17896700000000001,0.23037800000000003,0.25458400000000003,0.11690199999999999,0.136008,0.168051,148.0
149000,0.303712,0.39192899999999997,0.43606000000000006,0.17883800000000002,0.231014,0.255151,0.11677799999999999,0.135873,0.168018,149.0
150000,0.305361,0.393323,0.43716000000000005,0.17871199999999998,0.231669,0.255683,0.116657,0.135741,0.167986,150.0
151000,0.30701799999999996,0.3947,0.43824300000000005,0.178589,0.232341,0.256215,0.11653800000000002,0.13560999999999998,0.167954,151.0
152000,0.308684,0.39605799999999997,0.43931000000000003,0.17847000000000002,0.23303000000000001,0.256815,0.116422,0.135483,0.167923,152.0
153000,0.310357,0.397399,0.44036000000000003,0.17835399999999998,0.233737,0.257348,0.116308,0.135357,0.167892,153.0
154000,0.312035,0.39872199999999997,0.44139300000000004,0.178241,0.23446199999999998,0.257965,0.11619600000000001,0.135233,0.16786199999999998,154.0
155000,0.313719,0.400028,0.44241099999999994,0.17813099999999998,0.23520500000000003,0.258548,0.116087,0.13511199999999998,0.16783199999999998,155.0
156000,0.315407,0.401316,0.44341400000000003,0.178024,0.235965,0.25913,0.11598,0.134993,0.167802,156.0
157000,0.31709699999999996,0.402588,0.4444,0.17792,0.23674299999999998,0.259779,0.115875,0.134876,0.167773,157.0
158000,0.318789,0.40384200000000003,0.44537200000000005,0.177819,0.237539,0.260362,0.115772,0.134761,0.167745,158.0
159000,0.320482,0.405079,0.446329,0.177721,0.23835100000000004,0.26102800000000004,0.11567100000000001,0.134648,0.167717,159.0
160000,0.322175,0.40629899999999997,0.44727100000000003,0.177625,0.239181,0.26165900000000003,0.115573,0.13453800000000002,0.167689,160.0
161000,0.323866,0.407503,0.44819799999999993,0.177532,0.24002800000000002,0.262289,0.115476,0.134429,0.16766199999999998,161.0
162000,0.325556,0.40869,0.449111,0.17744200000000002,0.240892,0.262984,0.115382,0.134322,0.16763499999999998,162.0
163000,0.32724200000000003,0.40986000000000006,0.45001,0.17735399999999998,0.24177300000000002,0.263614,0.11528900000000002,0.134218,0.16760799999999998,163.0
164000,0.328925,0.41101499999999996,0.450896,0.177269,0.242669,0.264324,0.11519800000000001,0.134115,0.16758199999999998,164.0
165000,0.33060300000000004,0.412153,0.451768,0.17718599999999998,0.24358200000000002,0.264999,0.11510899999999999,0.13401400000000002,0.16755599999999998,165.0
166000,0.332276,0.41327600000000003,0.45262600000000003,0.17710599999999999,0.244511,0.26567399999999997,0.115022,0.133915,0.16753099999999999,166.0
167000,0.333943,0.414382,0.453471,0.177028,0.245455,0.266411,0.11493699999999998,0.133818,0.167506,167.0
168000,0.33560300000000004,0.41547399999999995,0.45430299999999996,0.176952,0.246414,0.267083,0.114853,0.133722,0.167481,168.0
169000,0.337256,0.41655,0.45512299999999994,0.176878,0.24738800000000002,0.267834,0.114771,0.133629,0.167457,169.0
170000,0.3389,0.41761000000000004,0.45593,0.176807,0.248377,0.26855,0.114691,0.133537,0.167433,170.0
171000,0.340536,0.41865600000000003,0.456725,0.17673699999999998,0.249379,0.269264,0.11461199999999999,0.133447,0.16741,171.0
172000,0.342163,0.419687,0.457507,0.17667,0.250395,0.270038,0.11453499999999998,0.133358,0.16738699999999998,172.0
173000,0.34378000000000003,0.420703,0.45827799999999996,0.17660399999999998,0.251424,0.27074899999999996,0.11445899999999999,0.133271,0.167364,173.0
174000,0.345386,0.421705,0.459037,0.176541,0.252465,0.27153499999999997,0.11438499999999999,0.133186,0.16734100000000002,174.0
175000,0.346982,0.42269300000000004,0.45978500000000005,0.176479,0.253519,0.27228600000000003,0.11431300000000001,0.133103,0.167319,175.0
176000,0.348566,0.423666,0.460521,0.176419,0.25458400000000003,0.27303499999999997,0.11424200000000001,0.133021,0.167297,176.0
177000,0.350139,0.424626,0.461246,0.176361,0.255661,0.27384200000000003,0.11417200000000001,0.13294,0.167276,177.0
178000,0.351699,0.425572,0.46196000000000004,0.176305,0.256747,0.27458499999999997,0.114104,0.13286099999999998,0.167255,178.0
179000,0.353248,0.426504,0.462663,0.176251,0.257844,0.275401,0.11403699999999999,0.13278399999999999,0.167234,179.0
180000,0.354783,0.42742299999999994,0.463355,0.176198,0.25895,0.27618200000000004,0.113972,0.132708,0.167213,180.0
181000,0.356306,0.428329,0.464038,0.176146,0.26006599999999996,0.27696,0.113907,0.132634,0.167193,181.0
182000,0.357815,0.42922200000000005,0.46470900000000004,0.176097,0.261189,0.27779299999999996,0.113844,0.13256099999999998,0.167173,182.0
183000,0.359311,0.43010200000000004,0.465371,0.176048,0.26232,0.278564,0.113783,0.13248900000000002,0.167153,183.0
184000,0.360793,0.43096999999999996,0.46602299999999997,0.176001,0.26345799999999997,0.279404,0.113722,0.132419,0.167134,184.0
185000,0.362261,0.431825,0.46666499999999994,0.175956,0.26460300000000003,0.28020900000000004,0.11366300000000001,0.13235,0.167115,185.0
186000,0.363715,0.43266800000000005,0.46729799999999994,0.17591199999999999,0.265754,0.28101,0.113605,0.13228199999999998,0.167096,186.0
187000,0.365154,0.43349899999999997,0.46792100000000003,0.175869,0.26691,0.281864,0.113548,0.132216,0.167078,187.0
188000,0.366579,0.43431800000000004,0.46853500000000003,0.17582799999999998,0.268072,0.282656,0.11349200000000001,0.132151,0.16706,188.0
189000,0.36799,0.435125,0.46913900000000003,0.175788,0.269237,0.283515,0.11343800000000001,0.13208699999999998,0.167042,189.0
190000,0.369386,0.435921,0.469735,0.175749,0.270406,0.28433800000000004,0.113384,0.132025,0.167024,190.0
191000,0.370767,0.43670600000000004,0.470322,0.17571099999999998,0.27157800000000004,0.285157,0.113331,0.13196300000000002,0.167007,191.0
192000,0.372134,0.437479,0.4709,0.175675,0.272752,0.286026,0.11327999999999999,0.131903,0.16699,192.0
193000,0.373485,0.438241,0.47147,0.17563900000000002,0.273929,0.286833,0.11323,0.13184400000000002,0.166973,193.0
194000,0.374822,0.438992,0.47203100000000003,0.17560499999999998,0.275107,0.28770500000000004,0.11317999999999999,0.131786,0.166956,194.0
195000,0.376144,0.439733,0.472584,0.175572,0.27628600000000003,0.288541,0.113132,0.13172899999999998,0.16694,195.0
196000,0.37745100000000004,0.440463,0.473129,0.175539,0.277465,0.289371,0.11308399999999999,0.131674,0.166924,196.0
197000,0.378743,0.44118199999999996,0.47366499999999995,0.175508,0.278645,0.290249,0.11303800000000001,0.131619,0.166908,197.0
198000,0.38001999999999997,0.441891,0.47419399999999995,0.175478,0.279823,0.291066,0.11299200000000001,0.13156600000000002,0.166892,198.0
199000,0.381282,0.442591,0.47471599999999997,0.175448,0.281001,0.29194499999999995,0.112947,0.13151300000000002,0.166877,199.0
200000,0.38253000000000004,0.44328,0.475229,0.17542,0.28217600000000004,0.292788,0.112903,0.131462,0.16686199999999998,200.0
201000,0.383763,0.443959,0.475735,0.17539200000000002,0.28335,0.293624,0.11285999999999999,0.131411,0.166847,201.0
202000,0.384981,0.444629,0.476234,0.17536600000000002,0.284521,0.294506,0.112818,0.13136199999999998,0.16683299999999998,202.0
203000,0.386184,0.44528999999999996,0.476725,0.17534,0.28569,0.29532800000000003,0.112777,0.131313,0.166818,203.0
204000,0.387373,0.445941,0.47721,0.175315,0.286855,0.296209,0.11273599999999999,0.13126500000000002,0.166804,204.0
205000,0.388547,0.446583,0.477687,0.17529,0.288016,0.297053,0.112696,0.131219,0.16679000000000002,205.0
206000,0.389707,0.447215,0.47815799999999997,0.175267,0.289173,0.29789099999999996,0.112657,0.131173,0.166777,206.0
207000,0.390852,0.44783900000000004,0.478621,0.175244,0.29032600000000003,0.298772,0.11261900000000001,0.131128,0.16676300000000002,207.0
208000,0.391984,0.448454,0.47907799999999995,0.175222,0.291473,0.299593,0.11258199999999999,0.13108399999999998,0.16675,208.0
209000,0.39310100000000003,0.449061,0.479529,0.1752,0.292616,0.300471,0.112545,0.13104000000000002,0.166737,209.0
210000,0.394204,0.44965900000000003,0.479973,0.17518,0.29375300000000004,0.301313,0.112509,0.130998,0.166724,210.0
211000,0.395293,0.450248,0.48041000000000006,0.17515899999999998,0.29488400000000003,0.302147,0.112474,0.130956,0.166712,211.0
212000,0.396369,0.450829,0.48084099999999996,0.17514000000000002,0.296009,0.30302199999999996,0.11243900000000001,0.130916,0.166699,212.0
213000,0.39743,0.451402,0.481267,0.175121,0.297127,0.303838,0.11240499999999999,0.130876,0.166687,213.0
214000,0.39847899999999997,0.45196800000000004,0.48168599999999995,0.175103,0.298239,0.304709,0.112372,0.13083599999999998,0.166675,214.0
215000,0.399513,0.452525,0.482099,0.175085,0.299344,0.305544,0.11233900000000001,0.130798,0.166664,215.0
216000,0.400535,0.453074,0.48250600000000005,0.175068,0.30044099999999996,0.30637,0.11230699999999999,0.13076,0.166652,216.0
217000,0.401543,0.45361599999999996,0.482907,0.175051,0.301532,0.307236,0.112276,0.130723,0.166641,217.0
218000,0.402539,0.45415,0.483303,0.175035,0.302614,0.308043,0.11224500000000001,0.130687,0.16663,218.0
219000,0.403521,0.45467700000000005,0.48369300000000004,0.175019,0.303689,0.30890300000000004,0.11221500000000001,0.130651,0.16661900000000002,219.0
220000,0.404491,0.455196,0.48407799999999995,0.175004,0.30475599999999997,0.309727,0.11218499999999999,0.130616,0.166608,220.0
221000,0.405448,0.45570900000000003,0.48445699999999997,0.174989,0.305815,0.310542,0.11215599999999999,0.130582,0.166598,221.0
222000,0.40639200000000003,0.456214,0.48483100000000007,0.174975,0.306865,0.311395,0.11212799999999999,0.130548,0.16658699999999999,222.0
223000,0.40732399999999996,0.456712,0.485199,0.17496099999999998,0.30790700000000004,0.312191,0.1121,0.13051500000000002,0.166577,223.0
224000,0.408244,0.45720299999999997,0.485563,0.174948,0.30894,0.31303600000000004,0.112072,0.130483,0.16656700000000002,224.0
225000,0.409152,0.457688,0.485921,0.17493499999999998,0.30996399999999996,0.313846,0.112046,0.130451,0.16655699999999998,225.0
226000,0.41004799999999997,0.45816599999999996,0.486275,0.174922,0.31098000000000003,0.31464699999999995,0.11201900000000001,0.13042,0.166548,226.0
227000,0.41093199999999996,0.45863699999999996,0.48662299999999997,0.17490999999999998,0.311987,0.31548400000000004,0.11199300000000001,0.130389,0.16653800000000002,227.0
228000,0.411804,0.45910200000000007,0.486966,0.174899,0.31298400000000004,0.316265,0.11196800000000001,0.130359,0.16652899999999998,228.0
229000,0.41266499999999995,0.45956099999999994,0.48730500000000004,0.174887,0.313973,0.31709299999999996,0.111943,0.13033,0.16652,229.0
230000,0.41351499999999997,0.460013,0.48763900000000004,0.174876,0.314952,0.317887,0.111919,0.130301,0.166511,230.0
231000,0.41435299999999997,0.460459,0.487969,0.17486500000000002,0.315922,0.31867199999999996,0.11189500000000001,0.130273,0.16650299999999998,231.0
232000,0.415181,0.460899,0.48829300000000003,0.17485499999999998,0.31688299999999997,0.31949,0.111872,0.130245,0.166494,232.0
233000,0.415997,0.461333,0.48861400000000005,0.174845,0.317834,0.320254,0.111849,0.130218,0.166486,233.0
234000,0.41680200000000006,0.461761,0.48893000000000003,0.174835,0.318776,0.321063,0.111826,0.130191,0.166478,234.0
235000,0.41759700000000005,0.462183,0.489241,0.174826,0.319708,0.321839,0.111804,0.130165,0.16647,235.0
236000,0.418382,0.462599,0.489548,0.174816,0.320631,0.322604,0.11178199999999999,0.130139,0.166462,236.0
237000,0.419155,0.46301000000000003,0.48985100000000004,0.174808,0.32154499999999997,0.323402,0.11176099999999999,0.130114,0.166454,237.0
238000,0.419919,0.463416,0.49015,0.174799,0.322448,0.32414699999999996,0.11174,0.130089,0.166447,238.0
239000,0.42067200000000005,0.463815,0.49044499999999996,0.174791,0.323343,0.324936,0.11172,0.13006500000000001,0.16644,239.0
240000,0.421416,0.46421,0.49073500000000003,0.174783,0.324228,0.325691,0.1117,0.13004100000000002,0.166433,240.0
241000,0.42215,0.464599,0.491022,0.174775,0.32510300000000003,0.326436,0.11168,0.130017,0.166426,241.0
242000,0.42287299999999994,0.464983,0.491305,0.174767,0.325969,0.32721300000000003,0.111661,0.129994,0.166419,242.0
243000,0.423588,0.46536099999999997,0.491584,0.17476,0.326826,0.327937,0.111642,0.129972,0.16641199999999998,243.0
244000,0.424292,0.465735,0.491859,0.174753,0.327673,0.328704,0.111623,0.12995,0.166406,244.0
245000,0.42498800000000003,0.466104,0.49213,0.174746,0.32850999999999997,0.329437,0.111605,0.129928,0.166399,245.0
246000,0.425674,0.466467,0.49239799999999995,0.174739,0.329338,0.33016100000000004,0.11158699999999999,0.129907,0.166393,246.0
247000,0.42635100000000004,0.466826,0.492662,0.174733,0.33015700000000003,0.330915,0.111569,0.129886,0.16638699999999998,247.0
248000,0.427019,0.46718000000000004,0.492922,0.174726,0.330967,0.33161799999999997,0.111552,0.129865,0.166381,248.0
249000,0.427679,0.467529,0.493179,0.17472000000000001,0.33176700000000003,0.332361,0.111535,0.12984500000000002,0.166376,249.0
250000,0.428329,0.46787399999999996,0.493433,0.174714,0.332558,0.333073,0.11151900000000001,0.129825,0.16637000000000002,250.0
251000,0.428971,0.468214,0.493683,0.174709,0.333339,0.33377399999999996,0.11150299999999999,0.129806,0.166365,251.0
252000,0.429605,0.46855,0.493929,0.174703,0.33411199999999996,0.334505,0.11148699999999999,0.12978699999999999,0.16635999999999998,252.0
253000,0.43023,0.46888100000000005,0.494173,0.174698,0.334875,0.335185,0.111471,0.129768,0.166355,253.0
254000,0.430846,0.469208,0.494413,0.17469200000000001,0.33563000000000004,0.335905,0.111456,0.12975,0.16635,254.0
255000,0.43145500000000003,0.46953,0.49465,0.17468699999999998,0.336375,0.336593,0.11144100000000001,0.129732,0.166345,255.0
256000,0.43205600000000005,0.46984799999999993,0.494883,0.174682,0.33711199999999997,0.33727199999999996,0.111426,0.12971400000000002,0.16634000000000002,256.0
257000,0.432648,0.47016199999999997,0.49511400000000005,0.174678,0.33784000000000003,0.337978,0.111411,0.129697,0.16633599999999998,257.0
258000,0.433233,0.470472,0.495341,0.174673,0.338559,0.338636,0.111397,0.12968,0.16633199999999998,258.0
259000,0.43381000000000003,0.470778,0.495566,0.17466900000000002,0.339269,0.339332,0.111383,0.129663,0.166327,259.0
260000,0.43438000000000004,0.47107899999999997,0.495787,0.174664,0.33997,0.339997,0.11137000000000001,0.129647,0.166323,260.0
261000,0.434942,0.47137700000000005,0.49600500000000003,0.17465999999999998,0.340663,0.340652,0.111356,0.129631,0.166319,261.0
262000,0.435497,0.471671,0.496221,0.174656,0.341348,0.341335,0.11134300000000001,0.129615,0.16631600000000002,262.0
263000,0.436044,0.47196099999999996,0.496433,0.174652,0.342024,0.341969,0.11133,0.129599,0.166312,263.0
264000,0.436584,0.47224700000000003,0.49664300000000006,0.174648,0.34269099999999997,0.342641,0.11131700000000001,0.129584,0.16630899999999998,264.0
265000,0.437118,0.47253,0.49685,0.174645,0.343351,0.34328200000000003,0.111305,0.12956900000000002,0.166305,265.0
266000,0.437644,0.472808,0.497055,0.17464100000000002,0.344002,0.343914,0.111293,0.129555,0.166302,266.0
267000,0.438163,0.473084,0.49725600000000003,0.17463800000000002,0.344645,0.344573,0.11128099999999999,0.12954000000000002,0.166299,267.0
268000,0.438676,0.473355,0.49745500000000004,0.17463399999999998,0.34528000000000003,0.345184,0.111269,0.129526,0.166296,268.0
269000,0.43918100000000004,0.47362299999999996,0.497651,0.17463099999999998,0.345907,0.34583200000000003,0.111258,0.129512,0.166294,269.0
270000,0.43968100000000004,0.47388800000000003,0.497845,0.174628,0.346526,0.34645,0.111246,0.129499,0.166291,270.0
271000,0.440173,0.474149,0.498036,0.174625,0.347137,0.347059,0.11123499999999999,0.129485,0.16628900000000002,271.0
272000,0.44066000000000005,0.47440699999999997,0.498225,0.174622,0.34774,0.347693,0.111224,0.129472,0.166286,272.0
273000,0.44114,0.47466099999999994,0.498411,0.174619,0.34833600000000003,0.34828200000000004,0.11121400000000001,0.129459,0.166284,273.0
274000,0.44161300000000003,0.474912,0.498594,0.17461600000000002,0.34892399999999996,0.348906,0.111203,0.129447,0.16628199999999999,274.0
275000,0.44208100000000006,0.47516,0.498776,0.17461300000000002,0.349505,0.349501,0.111193,0.129434,0.16627999999999998,275.0
276000,0.442542,0.475405,0.498954,0.174611,0.350078,0.350086,0.11118299999999999,0.129422,0.166279,276.0
277000,0.44299799999999995,0.475646,0.49913100000000005,0.17460799999999999,0.350644,0.350697,0.11117300000000001,0.12941,0.166277,277.0
278000,0.44344799999999995,0.47588500000000006,0.499305,0.17460599999999998,0.351202,0.351263,0.11116300000000001,0.129398,0.166276,278.0
279000,0.443891,0.47612,0.49947700000000006,0.174603,0.351754,0.35186300000000004,0.111154,0.129387,0.166274,279.0
280000,0.44433,0.47635299999999997,0.499647,0.174601,0.352298,0.352436,0.11114500000000001,0.129376,0.166273,280.0
281000,0.444762,0.47658199999999995,0.49981400000000004,0.174599,0.352835,0.35299899999999995,0.111135,0.129365,0.166272,281.0
282000,0.44518900000000006,0.47680900000000004,0.49998000000000004,0.174597,0.353365,0.353586,0.111126,0.129354,0.166271,282.0
283000,0.44561000000000006,0.47703199999999996,0.500143,0.174594,0.353889,0.35413,0.11111800000000001,0.129343,0.166271,283.0
284000,0.44602600000000003,0.477253,0.500304,0.174592,0.354405,0.354707,0.11110899999999999,0.129332,0.16627,284.0
285000,0.446437,0.477471,0.500463,0.17459000000000002,0.35491500000000004,0.355257,0.1111,0.129322,0.16627,285.0
286000,0.446842,0.47768599999999994,0.5006189999999999,0.17458900000000002,0.35541799999999996,0.355798,0.11109200000000001,0.12931199999999998,0.166269,286.0
287000,0.44724200000000003,0.47789799999999993,0.5007739999999999,0.174587,0.355915,0.356362,0.11108399999999999,0.129302,0.166269,287.0
288000,0.447637,0.478108,0.500927,0.174585,0.356405,0.35688400000000003,0.111076,0.12929200000000002,0.166269,288.0
289000,0.44802700000000006,0.478315,0.501078,0.174583,0.356889,0.357439,0.111068,0.12928299999999998,0.166269,289.0
290000,0.448412,0.47851899999999997,0.5012270000000001,0.174581,0.35736599999999996,0.357967,0.11105999999999999,0.129273,0.166269,290.0
291000,0.448792,0.478721,0.501373,0.17457999999999999,0.357837,0.358486,0.111053,0.12926400000000002,0.16627,291.0
292000,0.449168,0.47891999999999996,0.5015189999999999,0.174578,0.358302,0.359028,0.111045,0.129255,0.16627,292.0
293000,0.449538,0.479117,0.5016619999999999,0.174577,0.358761,0.359529,0.11103800000000001,0.129246,0.166271,293.0
294000,0.44990399999999997,0.479311,0.501803,0.174575,0.359214,0.360062,0.11103099999999999,0.129237,0.166272,294.0
295000,0.45026499999999997,0.47950299999999996,0.501942,0.174574,0.359661,0.360568,0.111024,0.12922899999999998,0.166273,295.0
296000,0.450621,0.479692,0.50208,0.174572,0.360102,0.361066,0.111017,0.12922,0.166274,296.0
297000,0.45097299999999996,0.479879,0.502216,0.174571,0.360537,0.361587,0.11101,0.129212,0.166275,297.0
298000,0.451321,0.48006400000000005,0.50235,0.17457,0.360966,0.362067,0.11100399999999999,0.12920399999999999,0.166276,298.0
299000,0.451664,0.480246,0.502483,0.174568,0.36139,0.362579,0.110997,0.129196,0.166278,299.0
300000,0.452003,0.480426,0.502613,0.174567,0.361808,0.363064,0.110991,0.129188,0.166279,300.0
301000,0.452337,0.480604,0.502742,0.174566,0.36222,0.36354200000000003,0.11098399999999999,0.12918,0.16628099999999998,301.0
302000,0.452667,0.48078000000000004,0.5028699999999999,0.174565,0.362627,0.364041,0.110978,0.129173,0.166283,302.0
303000,0.45299399999999995,0.48095299999999996,0.502996,0.17456300000000002,0.363029,0.364502,0.110972,0.129165,0.166285,303.0
304000,0.453316,0.481124,0.50312,0.174562,0.363425,0.364992,0.11096600000000001,0.129158,0.166287,304.0
305000,0.45363400000000004,0.481293,0.503242,0.174561,0.363817,0.365458,0.11096099999999999,0.129151,0.16629000000000002,305.0
306000,0.45394799999999996,0.48146000000000005,0.503363,0.17456,0.364202,0.36591599999999996,0.110955,0.129144,0.166292,306.0
307000,0.454258,0.481625,0.503483,0.174559,0.364583,0.36639499999999997,0.110949,0.129137,0.166295,307.0
308000,0.454564,0.481788,0.5036010000000001,0.174558,0.36495900000000003,0.366836,0.110944,0.12913,0.166298,308.0
309000,0.454866,0.48194799999999993,0.503717,0.174557,0.365329,0.367307,0.11093800000000001,0.12912300000000002,0.1663,309.0
310000,0.455165,0.48210699999999995,0.503832,0.174556,0.365695,0.367753,0.11093299999999999,0.129117,0.166304,310.0
311000,0.455459,0.482264,0.503945,0.174556,0.366056,0.368191,0.110928,0.12911,0.16630699999999998,311.0
312000,0.45575,0.482419,0.504058,0.174555,0.366412,0.368651,0.11092300000000001,0.129104,0.16630999999999999,312.0
313000,0.456038,0.482572,0.5041680000000001,0.174554,0.366764,0.369073,0.110918,0.129098,0.16631400000000002,313.0
314000,0.456322,0.48272299999999996,0.5042770000000001,0.17455299999999999,0.36711,0.36952399999999996,0.11091300000000001,0.129092,0.16631700000000002,314.0
315000,0.45660200000000006,0.482872,0.5043850000000001,0.17455199999999998,0.367452,0.369952,0.11090799999999999,0.12908599999999998,0.166321,315.0
316000,0.456879,0.483019,0.504492,0.174551,0.36779,0.370372,0.110903,0.12908,0.166325,316.0
317000,0.457153,0.48316400000000004,0.5045970000000001,0.174551,0.368123,0.370813,0.110899,0.129074,0.166329,317.0
318000,0.45742299999999997,0.483308,0.5047,0.17455,0.36845100000000003,0.371216,0.110894,0.12906800000000002,0.16633299999999998,318.0
319000,0.457689,0.48345,0.504803,0.174549,0.368775,0.37164899999999995,0.11089,0.129063,0.166338,319.0
320000,0.457953,0.48358999999999996,0.504904,0.174549,0.369095,0.37205900000000003,0.110885,0.129057,0.16634200000000002,320.0
321000,0.45821300000000004,0.483729,0.505004,0.174548,0.36941,0.372461,0.110881,0.129052,0.166347,321.0
322000,0.45847,0.483865,0.505103,0.174547,0.369722,0.372883,0.110877,0.129047,0.166352,322.0
323000,0.45872399999999997,0.484,0.5052,0.174547,0.370029,0.37327,0.110873,0.12904100000000002,0.166357,323.0
324000,0.458974,0.484134,0.505296,0.174546,0.370332,0.373685,0.11086900000000001,0.12903599999999998,0.16636199999999998,324.0
325000,0.459222,0.48426499999999995,0.505391,0.174546,0.370631,0.374077,0.110865,0.129031,0.16636800000000002,325.0
326000,0.459466,0.48439499999999996,0.5054850000000001,0.174545,0.37092600000000003,0.374461,0.11086099999999999,0.129026,0.166373,326.0
327000,0.459708,0.48452399999999995,0.505577,0.174544,0.371217,0.374867,0.110857,0.129022,0.166379,327.0
328000,0.459946,0.484651,0.5056689999999999,0.174544,0.371504,0.375236,0.110853,0.12901700000000002,0.16638499999999998,328.0
329000,0.460182,0.48477600000000004,0.5057590000000001,0.174543,0.371787,0.375634,0.110849,0.129012,0.166391,329.0
330000,0.46041400000000005,0.4849,0.505848,0.174543,0.372067,0.37600900000000004,0.110846,0.12900799999999998,0.166397,330.0
331000,0.46064399999999994,0.485022,0.5059359999999999,0.174542,0.372343,0.376377,0.11084200000000001,0.129003,0.166403,331.0
332000,0.46087100000000003,0.48514300000000005,0.506023,0.174542,0.37261500000000003,0.376766,0.11083900000000001,0.128999,0.16641,332.0
333000,0.461096,0.485263,0.506109,0.174541,0.372883,0.377119,0.11083499999999999,0.128994,0.166416,333.0
334000,0.46131700000000003,0.48538000000000003,0.506193,0.174541,0.373148,0.3775,0.110832,0.12899000000000002,0.16642300000000002,334.0
335000,0.46153599999999995,0.485497,0.5062770000000001,0.174541,0.373409,0.377859,0.110829,0.128986,0.16643,335.0
336000,0.46175200000000005,0.485612,0.506359,0.17454,0.373667,0.378212,0.110825,0.12898199999999999,0.166437,336.0
337000,0.461966,0.48572600000000005,0.506441,0.17454,0.373921,0.37858400000000003,0.110822,0.128978,0.166445,337.0
338000,0.46217700000000006,0.485838,0.506522,0.174539,0.374172,0.378922,0.110819,0.128974,0.166452,338.0
339000,0.46238500000000005,0.48594899999999996,0.506601,0.174539,0.37442,0.379287,0.11081600000000001,0.12897,0.16646,339.0
340000,0.462591,0.486058,0.50668,0.174539,0.374664,0.379631,0.11081300000000001,0.128966,0.166468,340.0
341000,0.462794,0.486166,0.506757,0.174538,0.37490500000000004,0.379968,0.11080999999999999,0.128962,0.166476,341.0
342000,0.462995,0.48627299999999996,0.506834,0.174538,0.375143,0.380325,0.11080699999999999,0.128959,0.166484,342.0
343000,0.463193,0.486379,0.506909,0.174538,0.375377,0.380648,0.110804,0.128955,0.166492,343.0
344000,0.46338900000000005,0.486483,0.506984,0.174537,0.375608,0.380998,0.110802,0.128952,0.166501,344.0
345000,0.46358299999999997,0.48658599999999996,0.507058,0.174537,0.375837,0.38132699999999997,0.110799,0.128948,0.16651,345.0
346000,0.46377399999999996,0.486688,0.507131,0.174537,0.376062,0.38164899999999996,0.110796,0.128945,0.166519,346.0
347000,0.463963,0.486789,0.507203,0.174536,0.376284,0.38199099999999997,0.110794,0.128941,0.166528,347.0
348000,0.46415,0.486888,0.507274,0.174536,0.37650300000000003,0.3823,0.11079100000000001,0.128938,0.166537,348.0
349000,0.464334,0.486986,0.5073439999999999,0.174536,0.37672,0.382635,0.11078800000000001,0.128935,0.166547,349.0
350000,0.464516,0.487083,0.507413,0.174535,0.376933,0.38295,0.110786,0.128932,0.16655699999999998,350.0
351000,0.464697,0.487179,0.5074810000000001,0.174535,0.377144,0.383258,0.110784,0.128928,0.16656600000000002,351.0
352000,0.46487399999999995,0.487274,0.507549,0.174535,0.37735100000000005,0.38358600000000004,0.11078099999999999,0.128925,0.166577,352.0
353000,0.46505,0.487367,0.507616,0.174535,0.377556,0.383881,0.110779,0.128922,0.16658699999999999,353.0
354000,0.46522399999999997,0.48746000000000006,0.507682,0.174534,0.377759,0.384202,0.110776,0.128919,0.166597,354.0
355000,0.465395,0.487551,0.5077470000000001,0.174534,0.377958,0.38450300000000004,0.110774,0.128916,0.166608,355.0
356000,0.46556499999999995,0.487641,0.507811,0.174534,0.378155,0.38479800000000003,0.11077200000000001,0.128914,0.16661900000000002,356.0
357000,0.465732,0.48773,0.5078739999999999,0.174534,0.378349,0.385112,0.11077000000000001,0.128911,0.16663,357.0
358000,0.465898,0.48781800000000003,0.507937,0.174534,0.37854099999999996,0.385394,0.110768,0.128908,0.166642,358.0
359000,0.46606099999999995,0.48790500000000003,0.507999,0.174533,0.37873,0.385702,0.110766,0.128905,0.166653,359.0
360000,0.46622299999999994,0.487991,0.5080600000000001,0.174533,0.378916,0.38599,0.11076300000000001,0.128903,0.166665,360.0
361000,0.46638199999999996,0.488076,0.508121,0.174533,0.3791,0.386272,0.11076099999999998,0.1289,0.166677,361.0
362000,0.46653999999999995,0.48816000000000004,0.50818,0.174533,0.379282,0.386573,0.110759,0.128897,0.166689,362.0
363000,0.466696,0.48824300000000004,0.508239,0.174533,0.379461,0.386842,0.110758,0.128895,0.166702,363.0
364000,0.46684899999999996,0.488324,0.508297,0.174532,0.379637,0.387137,0.110756,0.128892,0.166714,364.0
365000,0.46700200000000003,0.48840500000000003,0.508355,0.174532,0.379812,0.387413,0.11075399999999999,0.12889,0.166727,365.0
366000,0.46715200000000007,0.48848500000000006,0.508412,0.174532,0.379984,0.387683,0.110752,0.128887,0.16674,366.0
367000,0.4673,0.48856400000000005,0.508468,0.174532,0.380153,0.387971,0.11075,0.128885,0.16675399999999999,367.0
368000,0.467447,0.488642,0.508523,0.174532,0.380321,0.388228,0.110748,0.128883,0.166767,368.0
369000,0.467592,0.48871899999999996,0.508578,0.174532,0.380486,0.388511,0.110747,0.12888,0.16678099999999998,369.0
370000,0.467735,0.488796,0.508632,0.174531,0.38064899999999996,0.38877399999999995,0.11074500000000001,0.128878,0.166795,370.0
371000,0.46787700000000004,0.488871,0.508685,0.174531,0.38081,0.389033,0.11074300000000001,0.128876,0.16680899999999999,371.0
372000,0.468017,0.48894499999999996,0.508738,0.174531,0.380968,0.389309,0.11074200000000001,0.128874,0.166824,372.0
373000,0.46815500000000004,0.489019,0.50879,0.174531,0.381125,0.38955500000000004,0.11074,0.12887200000000001,0.16683900000000002,373.0
374000,0.468292,0.489091,0.508841,0.174531,0.381279,0.389826,0.11073800000000002,0.12887,0.166854,374.0
375000,0.46842700000000004,0.489163,0.508892,0.174531,0.381431,0.39007800000000004,0.11073699999999999,0.128868,0.16686900000000002,375.0
376000,0.46856000000000003,0.489234,0.508942,0.174531,0.38158200000000003,0.390324,0.11073499999999999,0.128866,0.16688499999999998,376.0
377000,0.468692,0.489304,0.508992,0.17453,0.38173,0.39058899999999996,0.11073399999999999,0.128864,0.1669,377.0
378000,0.468822,0.48937299999999995,0.5090399999999999,0.17453,0.38187600000000005,0.390824,0.110732,0.12886199999999998,0.166917,378.0
379000,0.468951,0.489442,0.509089,0.17453,0.382021,0.391084,0.110731,0.12886,0.166933,379.0
380000,0.469078,0.489509,0.5091359999999999,0.17453,0.38216300000000003,0.391325,0.110729,0.128858,0.16695,380.0
381000,0.469204,0.489576,0.509184,0.17453,0.382304,0.391561,0.110728,0.128856,0.166966,381.0
382000,0.46932799999999997,0.489642,0.5092300000000001,0.17453,0.382442,0.391814,0.11072699999999999,0.128854,0.166984,382.0
383000,0.469451,0.48970699999999995,0.5092760000000001,0.17453,0.382579,0.39203899999999997,0.110725,0.128852,0.167001,383.0
384000,0.46957200000000004,0.48977200000000004,0.509322,0.17453,0.382714,0.392288,0.110724,0.128851,0.167019,384.0
385000,0.469692,0.489835,0.509366,0.17453,0.382847,0.392518,0.110723,0.128849,0.167037,385.0
386000,0.46981000000000006,0.48989799999999994,0.509411,0.174529,0.38297800000000004,0.392744,0.110721,0.128847,0.167055,386.0
387000,0.46992700000000004,0.48996000000000006,0.509455,0.174529,0.383108,0.392987,0.11072,0.12884600000000002,0.167074,387.0
388000,0.47004300000000004,0.490022,0.509498,0.174529,0.383236,0.393201,0.11071900000000001,0.12884400000000001,0.16709300000000002,388.0
389000,0.470157,0.490083,0.50954,0.174529,0.383362,0.39344,0.11071800000000001,0.128842,0.16711199999999998,389.0
390000,0.47026999999999997,0.49014300000000005,0.509583,0.174529,0.383486,0.39366,0.11071700000000001,0.128841,0.167132,390.0
391000,0.47038199999999997,0.490202,0.509624,0.174529,0.38360900000000003,0.393876,0.11071500000000001,0.128839,0.167151,391.0
392000,0.470492,0.49026000000000003,0.5096649999999999,0.174529,0.38373,0.394109,0.110714,0.128838,0.16717200000000002,392.0
393000,0.47060100000000005,0.49031800000000003,0.509706,0.174529,0.38385,0.394314,0.110713,0.12883599999999998,0.167192,393.0
394000,0.470709,0.49037600000000003,0.509746,0.174529,0.383968,0.394543,0.11071199999999999,0.12883499999999998,0.167213,394.0
395000,0.470816,0.490432,0.509786,0.174529,0.38408400000000004,0.394753,0.11071099999999999,0.128833,0.167234,395.0
396000,0.470921,0.49048800000000004,0.509825,0.174529,0.38419899999999996,0.39496,0.11070999999999999,0.128832,0.167256,396.0
397000,0.471025,0.490543,0.509864,0.174529,0.384312,0.395183,0.11070899999999999,0.128831,0.167277,397.0
398000,0.471128,0.490598,0.5099020000000001,0.174529,0.384424,0.395379,0.11070799999999999,0.128829,0.1673,398.0
399000,0.47123000000000004,0.49065200000000003,0.50994,0.174528,0.384534,0.395598,0.110707,0.128828,0.167322,399.0
400000,0.47133,0.490705,0.509977,0.174528,0.38464299999999996,0.3958,0.110706,0.128827,0.167345,400.0
401000,0.47143,0.49075799999999997,0.5100140000000001,0.174528,0.38475,0.395997,0.110705,0.128825,0.16736800000000002,401.0
402000,0.47152799999999995,0.49081,0.51005,0.174528,0.384856,0.39621100000000004,0.110704,0.128824,0.167392,402.0
403000,0.471625,0.490861,0.5100859999999999,0.174528,0.384961,0.39639800000000003,0.110703,0.128823,0.167416,403.0
404000,0.471721,0.490912,0.5101220000000001,0.174528,0.38506399999999996,0.396608,0.110702,0.128821,0.16744,404.0
405000,0.471815,0.490962,0.510157,0.174528,0.385166,0.396801,0.110701,0.12882000000000002,0.167465,405.0
406000,0.471909,0.491012,0.510192,0.174528,0.385266,0.39699,0.110701,0.12881900000000002,0.16749,406.0
407000,0.47200200000000003,0.49106099999999997,0.5102260000000001,0.174528,0.385365,0.39719499999999996,0.1107,0.12881800000000002,0.167515,407.0
408000,0.47209300000000004,0.491109,0.51026,0.174528,0.385463,0.397373,0.110699,0.12881700000000001,0.167541,408.0
409000,0.472184,0.49115699999999995,0.510293,0.174528,0.38555900000000004,0.397575,0.110698,0.128816,0.167568,409.0
410000,0.47227299999999994,0.491205,0.5103260000000001,0.174528,0.385654,0.39775900000000003,0.110697,0.128815,0.167594,410.0
411000,0.472361,0.49125100000000005,0.510359,0.174528,0.385748,0.39794,0.110696,0.128813,0.167621,411.0
412000,0.47244899999999995,0.49129799999999996,0.510391,0.174528,0.385841,0.398136,0.110696,0.12881199999999998,0.167649,412.0
413000,0.47253500000000004,0.49134300000000003,0.510423,0.174528,0.385932,0.398307,0.110695,0.12881099999999998,0.167677,413.0
414000,0.47262,0.491389,0.510454,0.174528,0.386022,0.3985,0.110694,0.12880999999999998,0.167705,414.0
415000,0.47270500000000004,0.491433,0.5104850000000001,0.174528,0.38611100000000004,0.398677,0.110693,0.12880899999999998,0.167734,415.0
416000,0.472788,0.49147700000000005,0.510516,0.174528,0.38619899999999996,0.39884899999999995,0.110693,0.128808,0.167764,416.0
417000,0.47286999999999996,0.491521,0.510546,0.174528,0.386285,0.399038,0.11069200000000001,0.128807,0.167793,417.0
418000,0.47295200000000004,0.49156400000000006,0.510576,0.174528,0.386371,0.3992,0.11069100000000001,0.128806,0.167824,418.0
419000,0.47303199999999995,0.49160699999999996,0.510606,0.174528,0.386455,0.399386,0.11069100000000001,0.128805,0.167854,419.0
420000,0.473112,0.491649,0.5106350000000001,0.174527,0.386538,0.399555,0.11069000000000001,0.128805,0.16788499999999998,420.0
421000,0.473191,0.49168999999999996,0.510664,0.174527,0.38661999999999996,0.399719,0.11068900000000001,0.128804,0.167917,421.0
422000,0.473268,0.49173199999999995,0.510692,0.174527,0.386701,0.3999,0.11068900000000001,0.128803,0.167949,422.0
423000,0.47334499999999996,0.49177200000000004,0.510721,0.174527,0.386781,0.40005599999999997,0.11068800000000001,0.128802,0.167982,423.0
424000,0.473421,0.49181199999999997,0.510748,0.174527,0.38686,0.400233,0.110687,0.128801,0.168015,424.0
425000,0.47349600000000003,0.49185200000000007,0.510776,0.174527,0.386938,0.400395,0.110687,0.1288,0.168048,425.0
426000,0.473571,0.49189099999999997,0.510803,0.174527,0.387015,0.400553,0.11068599999999999,0.128799,0.16808299999999998,426.0
427000,0.47364399999999995,0.49193000000000003,0.51083,0.174527,0.38709,0.400726,0.11068599999999999,0.128798,0.16811700000000002,427.0
428000,0.47371599999999997,0.491968,0.5108560000000001,0.174527,0.387165,0.400875,0.11068499999999999,0.128798,0.168153,428.0
429000,0.473788,0.49200600000000005,0.510883,0.174527,0.387239,0.401045,0.11068399999999999,0.128797,0.168188,429.0
430000,0.47385900000000003,0.492044,0.5109090000000001,0.174527,0.387311,0.4012,0.11068399999999999,0.128796,0.168225,430.0
431000,0.473929,0.49208100000000005,0.510934,0.174527,0.387383,0.40135,0.11068299999999999,0.128795,0.168262,431.0
432000,0.473998,0.492117,0.510959,0.174527,0.387454,0.401517,0.11068299999999999,0.128795,0.168299,432.0
433000,0.474067,0.492154,0.510984,0.174527,0.387524,0.401658,0.11068199999999999,0.128794,0.168337,433.0
434000,0.47413500000000003,0.49218900000000004,0.511009,0.174527,0.38759299999999997,0.40182199999999996,0.11068199999999999,0.12879300000000002,0.168376,434.0
435000,0.47420200000000007,0.492225,0.511033,0.174527,0.38766100000000003,0.40197,0.11068099999999999,0.12879200000000002,0.168415,435.0
436000,0.474268,0.49226000000000003,0.511057,0.174527,0.387728,0.40211399999999997,0.11068099999999999,0.12879200000000002,0.168455,436.0
437000,0.474333,0.49229399999999995,0.511081,0.174527,0.387794,0.40227399999999996,0.11068,0.12879100000000002,0.168495,437.0
438000,0.47439799999999993,0.492328,0.511105,0.174527,0.387859,0.402409,0.11068,0.12879000000000002,0.168536,438.0
439000,0.474462,0.49236199999999997,0.511128,0.174527,0.387924,0.402566,0.110679,0.12879000000000002,0.168578,439.0
440000,0.474525,0.49239499999999997,0.511151,0.174527,0.38798699999999997,0.40270700000000004,0.110679,0.12878900000000001,0.168621,440.0
441000,0.474587,0.492428,0.511173,0.174527,0.38805,0.402845,0.110678,0.128788,0.168664,441.0
442000,0.474649,0.492461,0.511196,0.174527,0.388112,0.402998,0.110678,0.128788,0.168707,442.0
443000,0.47471,0.492493,0.5112180000000001,0.174527,0.388173,0.403127,0.110678,0.12878699999999998,0.16875199999999999,443.0
444000,0.47476999999999997,0.492525,0.5112399999999999,0.174527,0.388233,0.403278,0.110677,0.12878699999999998,0.168797,444.0
445000,0.47483000000000003,0.49255600000000005,0.511261,0.174527,0.388293,0.403413,0.110677,0.12878599999999998,0.168843,445.0
446000,0.474889,0.492587,0.511283,0.174527,0.388351,0.403544,0.110676,0.12878499999999998,0.168889,446.0
447000,0.474947,0.49261800000000006,0.511304,0.174527,0.388409,0.403692,0.110676,0.12878499999999998,0.168936,447.0
448000,0.475005,0.492648,0.511324,0.174527,0.388466,0.40381500000000004,0.110675,0.12878399999999998,0.168984,448.0
449000,0.475062,0.49267799999999995,0.5113449999999999,0.174527,0.388523,0.403959,0.110675,0.12878399999999998,0.169033,449.0
450000,0.47511800000000004,0.492708,0.511365,0.174527,0.38857800000000003,0.404089,0.110675,0.12878299999999998,0.16908299999999998,450.0
451000,0.475174,0.492737,0.5113850000000001,0.174527,0.388633,0.40421399999999996,0.110674,0.12878299999999998,0.169133,451.0
452000,0.475229,0.492766,0.511405,0.174527,0.388687,0.404356,0.110674,0.12878199999999998,0.169184,452.0
453000,0.475283,0.492795,0.511425,0.174527,0.388741,0.404473,0.110674,0.12878199999999998,0.169236,453.0
454000,0.475337,0.49282299999999996,0.511444,0.174527,0.388793,0.40461199999999997,0.11067300000000001,0.128781,0.16928900000000002,454.0
455000,0.47539,0.49285100000000004,0.511463,0.174527,0.388845,0.40473600000000004,0.11067300000000001,0.128781,0.16934200000000002,455.0
456000,0.475443,0.492879,0.511482,0.174527,0.388897,0.404856,0.11067300000000001,0.12878,0.169397,456.0
457000,0.475495,0.492907,0.511501,0.174527,0.388947,0.404992,0.110672,0.12878,0.169452,457.0
458000,0.475546,0.49293400000000004,0.511519,0.174527,0.388997,0.405104,0.110672,0.128779,0.169508,458.0
459000,0.47559700000000005,0.49296,0.511537,0.174527,0.389047,0.405237,0.110672,0.128779,0.16956500000000002,459.0
460000,0.47564700000000004,0.492987,0.511555,0.174527,0.38909499999999997,0.405355,0.110671,0.128778,0.169623,460.0
461000,0.47569700000000004,0.49301300000000003,0.5115729999999999,0.174527,0.38914299999999996,0.40547,0.110671,0.128778,0.169682,461.0
462000,0.475746,0.493039,0.511591,0.174527,0.389191,0.4056,0.110671,0.128777,0.169742,462.0
463000,0.47579499999999997,0.49306400000000006,0.511608,0.174527,0.389237,0.40570700000000004,0.11067,0.128777,0.169803,463.0
464000,0.475843,0.49308900000000006,0.511625,0.174527,0.389283,0.405835,0.11067,0.128776,0.16986500000000002,464.0
465000,0.47589,0.49311400000000005,0.511642,0.174527,0.389329,0.405948,0.11067,0.128776,0.169927,465.0
466000,0.475937,0.49313900000000005,0.511659,0.174527,0.389374,0.406058,0.110669,0.128776,0.169991,466.0
467000,0.475983,0.493163,0.511675,0.174527,0.389418,0.406183,0.110669,0.128775,0.17005599999999998,467.0
468000,0.476029,0.493187,0.511692,0.174527,0.389462,0.406285,0.110669,0.128775,0.170122,468.0
469000,0.476074,0.49321099999999996,0.5117079999999999,0.174527,0.38950500000000005,0.406408,0.110669,0.128774,0.170189,469.0
470000,0.47611899999999996,0.49323500000000003,0.511724,0.174527,0.389547,0.406516,0.110668,0.128774,0.170257,470.0
471000,0.47616400000000003,0.493258,0.51174,0.174527,0.38958899999999996,0.406621,0.110668,0.128774,0.170326,471.0
472000,0.476207,0.493281,0.5117550000000001,0.174527,0.389631,0.406742,0.110668,0.128773,0.170396,472.0
473000,0.47625100000000004,0.493304,0.511771,0.174527,0.38967199999999996,0.406839,0.110668,0.128773,0.170467,473.0
474000,0.47629399999999994,0.49332600000000004,0.511786,0.174527,0.389712,0.406957,0.110667,0.128773,0.17054,474.0
475000,0.476336,0.493349,0.5118010000000001,0.174526,0.389752,0.40706,0.110667,0.128772,0.17061300000000001,475.0
476000,0.47637799999999997,0.493371,0.5118159999999999,0.174526,0.389791,0.407161,0.110667,0.128772,0.170688,476.0
477000,0.476419,0.493392,0.51183,0.174526,0.38983,0.407276,0.110667,0.128772,0.170764,477.0
478000,0.47646000000000005,0.493414,0.511845,0.174526,0.389868,0.407369,0.11066600000000001,0.128771,0.170842,478.0
479000,0.476501,0.493435,0.5118590000000001,0.174526,0.389906,0.407482,0.11066600000000001,0.128771,0.17092000000000002,479.0
480000,0.476541,0.49345600000000006,0.5118729999999999,0.174526,0.389943,0.40758099999999997,0.11066600000000001,0.128771,0.171,480.0
481000,0.47658,0.49347700000000005,0.511887,0.174526,0.38998,0.407677,0.11066600000000001,0.12877,0.17108099999999998,481.0
482000,0.47661899999999996,0.493497,0.511901,0.174526,0.390016,0.407788,0.11066600000000001,0.12877,0.171164,482.0
483000,0.47665799999999997,0.493517,0.511915,0.174526,0.390052,0.407876,0.11066500000000001,0.12877,0.171248,483.0
484000,0.476696,0.493537,0.5119279999999999,0.174526,0.39008699999999996,0.407985,0.11066500000000001,0.128769,0.17133299999999999,484.0
485000,0.476734,0.49355699999999997,0.511941,0.174526,0.39012199999999997,0.40808,0.11066500000000001,0.128769,0.17142000000000002,485.0
486000,0.476771,0.49357700000000004,0.511955,0.174526,0.390156,0.408172,0.11066500000000001,0.128769,0.171508,486.0
487000,0.476808,0.493596,0.511968,0.174526,0.39019000000000004,0.40827800000000003,0.11066500000000001,0.128768,0.171597,487.0
488000,0.47684499999999996,0.49361499999999997,0.51198,0.174526,0.390223,0.40836300000000003,0.11066400000000001,0.128768,0.171688,488.0
489000,0.47688100000000005,0.493634,0.511993,0.174526,0.390256,0.408467,0.11066400000000001,0.128768,0.171781,489.0
490000,0.476917,0.49365299999999995,0.5120060000000001,0.174526,0.390289,0.408558,0.11066400000000001,0.128768,0.171875,490.0
491000,0.47695200000000004,0.493671,0.5120180000000001,0.174526,0.39032100000000003,0.408645,0.11066400000000001,0.12876700000000002,0.171971,491.0
492000,0.476987,0.49368999999999996,0.51203,0.174526,0.390353,0.408748,0.11066400000000001,0.12876700000000002,0.172068,492.0
493000,0.47702100000000003,0.493708,0.512042,0.174526,0.390384,0.408828,0.11066400000000001,0.12876700000000002,0.17216700000000001,493.0
494000,0.47705600000000004,0.493726,0.512054,0.174526,0.390415,0.408929,0.11066300000000001,0.12876700000000002,0.172267,494.0
495000,0.47708900000000004,0.49374300000000004,0.512066,0.174526,0.390445,0.409015,0.11066300000000001,0.12876600000000002,0.172369,495.0
496000,0.47712299999999996,0.49376099999999995,0.5120779999999999,0.174526,0.390475,0.409099,0.11066300000000001,0.12876600000000002,0.17247300000000002,496.0
497000,0.477156,0.493778,0.512089,0.174526,0.390505,0.409198,0.11066300000000001,0.12876600000000002,0.172579,497.0
498000,0.477188,0.493795,0.512101,0.174526,0.390534,0.40927399999999997,0.11066300000000001,0.12876600000000002,0.17268599999999998,498.0
499000,0.477221,0.493812,0.512112,0.174526,0.390563,0.409371,0.11066300000000001,0.12876500000000002,0.172795,499.0
500000,0.477253,0.493829,0.512123,0.174526,0.39059099999999997,0.409454,0.11066199999999998,0.12876500000000002,0.172906,500.0
501000,0.47728400000000004,0.493845,0.512134,0.174526,0.390619,0.409534,0.11066199999999998,0.12876500000000002,0.173019,501.0
502000,0.477315,0.493861,0.512145,0.174526,0.39064699999999997,0.409628,0.11066199999999998,0.12876500000000002,0.17313399999999998,502.0
503000,0.477346,0.493878,0.5121560000000001,0.174526,0.390675,0.40970100000000004,0.11066199999999998,0.12876400000000002,0.17325,503.0
504000,0.47737700000000005,0.493893,0.512166,0.174526,0.390702,0.40979399999999994,0.11066199999999998,0.12876400000000002,0.173369,504.0
505000,0.47740699999999997,0.493909,0.512177,0.174526,0.390728,0.40987299999999993,0.11066199999999998,0.12876400000000002,0.173489,505.0
506000,0.477437,0.493925,0.512187,0.174526,0.390754,0.40995,0.11066199999999998,0.12876400000000002,0.173612,506.0
507000,0.477466,0.49394,0.5121979999999999,0.174526,0.39078,0.410041,0.110661,0.12876400000000002,0.173737,507.0
508000,0.477495,0.49395500000000003,0.512208,0.174526,0.390806,0.41011000000000003,0.110661,0.12876300000000002,0.17386300000000002,508.0
509000,0.477524,0.49396999999999996,0.5122180000000001,0.174526,0.390831,0.4102,0.110661,0.12876300000000002,0.173992,509.0
510000,0.47755299999999995,0.49398500000000006,0.5122270000000001,0.174526,0.390856,0.410275,0.110661,0.12876300000000002,0.174123,510.0
511000,0.47758100000000003,0.494,0.5122369999999999,0.174526,0.390881,0.41034799999999994,0.110661,0.12876300000000002,0.174256,511.0
512000,0.477609,0.494015,0.512247,0.174526,0.390905,0.41043599999999997,0.110661,0.12876300000000002,0.17439200000000002,512.0
513000,0.47763599999999995,0.494029,0.512256,0.174526,0.39092899999999997,0.41050200000000003,0.110661,0.12876300000000002,0.174529,513.0
514000,0.47766400000000003,0.494043,0.512266,0.174526,0.390952,0.410588,0.110661,0.128762,0.17466900000000002,514.0
515000,0.47768999999999995,0.49405699999999997,0.512275,0.174526,0.39097600000000005,0.41066099999999994,0.110661,0.128762,0.174812,515.0
516000,0.477717,0.494071,0.512284,0.174526,0.390999,0.41073000000000004,0.11066,0.128762,0.174956,516.0
517000,0.47774300000000003,0.49408500000000005,0.512293,0.174526,0.391021,0.410815,0.11066,0.128762,0.175103,517.0
518000,0.47777,0.494098,0.512302,0.174526,0.391044,0.41087700000000005,0.11066,0.128762,0.175253,518.0
519000,0.47779499999999997,0.494112,0.512311,0.174526,0.39106599999999997,0.41096000000000005,0.11066,0.128762,0.175405,519.0
520000,0.477821,0.494125,0.51232,0.174526,0.391088,0.411029,0.11066,0.128761,0.17556,520.0
521000,0.477846,0.494138,0.512329,0.174526,0.39110900000000004,0.411096,0.11066,0.128761,0.175717,521.0
522000,0.477871,0.494151,0.512337,0.174526,0.39113000000000003,0.41117700000000007,0.11066,0.128761,0.175876,522.0
523000,0.477896,0.49416400000000005,0.512346,0.174526,0.391151,0.41123699999999996,0.11066,0.128761,0.176039,523.0
524000,0.47791999999999996,0.49417700000000003,0.512354,0.174526,0.39117199999999996,0.41131599999999996,0.11066,0.128761,0.176204,524.0
525000,0.477944,0.49418900000000004,0.512362,0.174526,0.391192,0.411383,0.110659,0.128761,0.176372,525.0
526000,0.477968,0.49420200000000003,0.51237,0.174526,0.39121300000000003,0.411446,0.110659,0.12875999999999999,0.176542,526.0
527000,0.477991,0.49421400000000004,0.512379,0.174526,0.391232,0.411524,0.110659,0.12875999999999999,0.176716,527.0
528000,0.47801499999999997,0.494226,0.512386,0.174526,0.391252,0.41158100000000003,0.110659,0.12875999999999999,0.176892,528.0
529000,0.478038,0.494238,0.5123939999999999,0.174526,0.391271,0.41165799999999997,0.110659,0.12875999999999999,0.177071,529.0
530000,0.47806000000000004,0.49425,0.512402,0.174526,0.39129,0.411721,0.110659,0.12875999999999999,0.177253,530.0
531000,0.478083,0.494262,0.51241,0.174526,0.391309,0.411782,0.110659,0.12875999999999999,0.177439,531.0
532000,0.478105,0.49427299999999996,0.512417,0.174526,0.391328,0.411857,0.110659,0.12875999999999999,0.177627,532.0
533000,0.478127,0.49428500000000003,0.512425,0.174526,0.391346,0.41191099999999997,0.110659,0.12875999999999999,0.177818,533.0
534000,0.478149,0.494296,0.512432,0.174526,0.391364,0.41198500000000005,0.110659,0.12875899999999998,0.17801199999999998,534.0
535000,0.478171,0.494307,0.51244,0.174526,0.391382,0.412046,0.110659,0.12875899999999998,0.17820999999999998,535.0
536000,0.478192,0.49431800000000004,0.512447,0.174526,0.3914,0.41210399999999997,0.110659,0.12875899999999998,0.17840999999999999,536.0
537000,0.478213,0.494329,0.512454,0.174526,0.391417,0.41217600000000004,0.11065799999999999,0.12875899999999998,0.17861400000000002,537.0
538000,0.478234,0.49433999999999995,0.5124609999999999,0.174526,0.391434,0.41222700000000007,0.11065799999999999,0.12875899999999998,0.178821,538.0
539000,0.478254,0.49435100000000004,0.512468,0.174526,0.39145100000000005,0.41229799999999994,0.11065799999999999,0.12875899999999998,0.179032,539.0
540000,0.478275,0.494361,0.512475,0.174526,0.391468,0.41235600000000006,0.11065799999999999,0.12875899999999998,0.17924500000000002,540.0
541000,0.47829499999999997,0.49437200000000003,0.512482,0.174526,0.391484,0.412412,0.11065799999999999,0.12875899999999998,0.17946199999999998,541.0
542000,0.478315,0.494382,0.5124890000000001,0.174526,0.3915,0.41248100000000004,0.11065799999999999,0.12875799999999998,0.17968299999999998,542.0
543000,0.47833400000000004,0.494392,0.512495,0.174526,0.391516,0.41253,0.11065799999999999,0.12875799999999998,0.17990699999999998,543.0
544000,0.478354,0.49440200000000006,0.512502,0.174526,0.391532,0.41259799999999996,0.11065799999999999,0.12875799999999998,0.180134,544.0
545000,0.47837299999999994,0.49441199999999996,0.512508,0.174526,0.391548,0.412654,0.11065799999999999,0.12875799999999998,0.180365,545.0
546000,0.478392,0.49442200000000003,0.5125149999999999,0.174526,0.391563,0.412707,0.11065799999999999,0.12875799999999998,0.1806,546.0
547000,0.478411,0.494432,0.512521,0.174526,0.39157800000000004,0.412774,0.11065799999999999,0.12875799999999998,0.180838,547.0
548000,0.47843,0.494442,0.5125270000000001,0.174526,0.39159299999999997,0.41281999999999996,0.11065799999999999,0.12875799999999998,0.18108,548.0
549000,0.47844799999999993,0.49445100000000003,0.512534,0.174526,0.391608,0.412886,0.11065799999999999,0.12875799999999998,0.181325,549.0
550000,0.478466,0.494461,0.51254,0.174526,0.391623,0.41293900000000006,0.11065799999999999,0.12875799999999998,0.181575,550.0
551000,0.478484,0.49446999999999997,0.5125460000000001,0.174526,0.391637,0.41298900000000005,0.11065799999999999,0.12875799999999998,0.181827,551.0
552000,0.47850200000000004,0.494479,0.512552,0.174526,0.391651,0.413054,0.11065799999999999,0.12875699999999998,0.182084,552.0
553000,0.47852,0.49448800000000004,0.512558,0.174526,0.391665,0.41309799999999997,0.11065699999999999,0.12875699999999998,0.182345,553.0
554000,0.478537,0.494497,0.512564,0.174526,0.391679,0.41316099999999994,0.11065699999999999,0.12875699999999998,0.182609,554.0
555000,0.478554,0.49450600000000006,0.5125689999999999,0.174526,0.39169299999999996,0.41321199999999997,0.11065699999999999,0.12875699999999998,0.182877,555.0
556000,0.478571,0.494515,0.512575,0.174526,0.391706,0.41326,0.11065699999999999,0.12875699999999998,0.183149,556.0
557000,0.478588,0.49452399999999996,0.5125810000000001,0.174526,0.39171999999999996,0.41332299999999994,0.11065699999999999,0.12875699999999998,0.183425,557.0
558000,0.478605,0.49453199999999997,0.512586,0.174526,0.391733,0.413364,0.11065699999999999,0.12875699999999998,0.183705,558.0
559000,0.478621,0.494541,0.512592,0.174526,0.391746,0.413425,0.11065699999999999,0.12875699999999998,0.183988,559.0
560000,0.478638,0.49454899999999996,0.5125970000000001,0.174526,0.391758,0.41347399999999995,0.11065699999999999,0.12875699999999998,0.184276,560.0
561000,0.478654,0.494558,0.5126029999999999,0.174526,0.391771,0.41352,0.11065699999999999,0.12875699999999998,0.184568,561.0
562000,0.47867,0.494566,0.512608,0.174526,0.391783,0.41358,0.11065699999999999,0.12875699999999998,0.184863,562.0
563000,0.478685,0.49457399999999996,0.512613,0.174526,0.391796,0.41361899999999996,0.11065699999999999,0.12875699999999998,0.18516300000000002,563.0
564000,0.47870100000000004,0.49458199999999997,0.512618,0.174526,0.391808,0.413678,0.11065699999999999,0.12875599999999998,0.18546700000000002,564.0
565000,0.478716,0.49459,0.5126229999999999,0.174526,0.39182,0.413725,0.11065699999999999,0.12875599999999998,0.185774,565.0
566000,0.478732,0.494598,0.512629,0.174526,0.391831,0.413768,0.11065699999999999,0.12875599999999998,0.186086,566.0
567000,0.47874700000000003,0.49460600000000005,0.512634,0.174526,0.391843,0.413826,0.11065699999999999,0.12875599999999998,0.18640199999999998,567.0
568000,0.47876199999999997,0.494613,0.5126390000000001,0.174526,0.391855,0.413864,0.11065699999999999,0.12875599999999998,0.186722,568.0
569000,0.47877600000000003,0.494621,0.5126430000000001,0.174526,0.391866,0.413921,0.11065699999999999,0.12875599999999998,0.18704500000000002,569.0
570000,0.47879099999999997,0.49462799999999996,0.512648,0.174526,0.391877,0.41396499999999997,0.11065699999999999,0.12875599999999998,0.187373,570.0
571000,0.47880500000000004,0.49463599999999996,0.512653,0.174526,0.391888,0.41400699999999996,0.11065699999999999,0.12875599999999998,0.18770499999999998,571.0
572000,0.47881999999999997,0.49464300000000005,0.512658,0.174526,0.391899,0.414062,0.11065699999999999,0.12875599999999998,0.188041,572.0
573000,0.47883400000000004,0.494651,0.512662,0.174526,0.39191,0.41409799999999997,0.11065699999999999,0.12875599999999998,0.188381,573.0
574000,0.47884799999999994,0.494658,0.512667,0.174526,0.39192,0.414153,0.11065699999999999,0.12875599999999998,0.188725,574.0
575000,0.478861,0.49466499999999997,0.512672,0.174526,0.391931,0.414195,0.11065599999999999,0.12875599999999998,0.189072,575.0
576000,0.478875,0.494672,0.512676,0.174526,0.391941,0.414235,0.11065599999999999,0.12875599999999998,0.189424,576.0
577000,0.478889,0.494679,0.512681,0.174526,0.39195100000000005,0.414289,0.11065599999999999,0.12875599999999998,0.18978,577.0
578000,0.47890200000000005,0.49468599999999996,0.5126850000000001,0.174526,0.391961,0.414322,0.11065599999999999,0.12875599999999998,0.19014,578.0
579000,0.478915,0.49469300000000005,0.5126890000000001,0.174526,0.391971,0.414375,0.11065599999999999,0.12875599999999998,0.190503,579.0
580000,0.47892799999999996,0.494699,0.512694,0.174526,0.39198099999999997,0.414416,0.11065599999999999,0.128755,0.190871,580.0
581000,0.478941,0.49470600000000003,0.512698,0.174526,0.391991,0.414454,0.11065599999999999,0.128755,0.191242,581.0
582000,0.478954,0.494713,0.512702,0.174526,0.392,0.41450600000000004,0.11065599999999999,0.128755,0.191617,582.0
583000,0.478966,0.49471899999999996,0.512706,0.174526,0.392009,0.414537,0.11065599999999999,0.128755,0.191996,583.0
584000,0.478979,0.494725,0.51271,0.174526,0.392019,0.414588,0.11065599999999999,0.128755,0.192378,584.0
585000,0.478991,0.49473199999999995,0.512714,0.174526,0.39202800000000004,0.414627,0.11065599999999999,0.128755,0.19276400000000002,585.0
586000,0.47900299999999996,0.494738,0.512718,0.174526,0.39203699999999997,0.414663,0.11065599999999999,0.128755,0.193154,586.0
587000,0.47901499999999997,0.49474399999999996,0.512722,0.174526,0.392046,0.414713,0.11065599999999999,0.128755,0.193548,587.0
588000,0.47902700000000004,0.49475,0.512726,0.174526,0.39205500000000004,0.41474300000000003,0.11065599999999999,0.128755,0.193945,588.0
589000,0.47903900000000005,0.49475699999999995,0.51273,0.174526,0.392063,0.414793,0.11065599999999999,0.128755,0.19434500000000002,589.0
590000,0.479051,0.494763,0.512734,0.174526,0.392072,0.414829,0.11065599999999999,0.128755,0.194749,590.0
591000,0.479062,0.49476899999999996,0.512738,0.174526,0.39208000000000004,0.414864,0.11065599999999999,0.128755,0.195156,591.0
592000,0.479074,0.494774,0.512741,0.174526,0.392088,0.414912,0.11065599999999999,0.128755,0.19556700000000002,592.0
593000,0.47908500000000004,0.49478,0.512745,0.174526,0.392097,0.414941,0.11065599999999999,0.128755,0.195981,593.0
594000,0.479096,0.49478599999999995,0.512749,0.174526,0.39210500000000004,0.414988,0.11065599999999999,0.128755,0.196398,594.0
595000,0.47910699999999995,0.494792,0.5127520000000001,0.174526,0.392113,0.415023,0.11065599999999999,0.128755,0.196818,595.0
596000,0.47911800000000004,0.49479700000000004,0.512756,0.174526,0.392121,0.41505600000000004,0.11065599999999999,0.128755,0.197241,596.0
597000,0.47912899999999997,0.494803,0.512759,0.174526,0.39212800000000003,0.415103,0.11065599999999999,0.128755,0.197667,597.0
598000,0.47913999999999995,0.49480799999999997,0.512763,0.174526,0.39213600000000004,0.41513,0.11065599999999999,0.128755,0.198096,598.0
599000,0.47915,0.49481400000000003,0.5127659999999999,0.174526,0.392144,0.41517600000000005,0.11065599999999999,0.128755,0.198528,599.0
600000,0.47916099999999995,0.49481899999999995,0.51277,0.174526,0.392151,0.415209,0.11065599999999999,0.128755,0.198962,600.0
